id,x,y,value
1,0.445967516559073,-0.0468730747812743,0.44
2,0.428854909404615,-0.548909252717357,0.75
3,-0.388346601921516,0.224212015158264,0.47
4,-0.689796811927871,-0.0969446197233912,0.78
5,0.317083672683819,-0.317083672683819,0.46
6,-0.0485906743021367,-0.69487901638345,0.83
